{
	sounds: {

		"siren": {
			"sound": "WHELEN_ENGINEERING/Whelen_295SL100/siren.wav",
			"volume": 1.0
		},

		"horn": {
			"sound": "WHELEN_ENGINEERING/Whelen_295SL100/horn.wav",
			"volume": 1.0
		},

		"rumbler1": {
			"sound": "WHELEN_ENGINEERING/Whelen_295SL100/rumbler1.wav",
			"volume": 1.0
		},

		"rumbler2": {
			"sound": "WHELEN_ENGINEERING/Whelen_295SL100/rumbler2.wav",
			"volume": 1.0
		},

		"warning": {
			"sound": "WHELEN_ENGINEERING/Whelen_295SL100/warning.wav",
			"volume": 1.0
		}

	}
}