{
	sounds: {

		"siren": {
			"sound": "WHELEN_ENGINEERING/Whelen_295SLSA1/siren.wav",
			"volume": 1.0
		},

		"horn": {
			"sound": "WHELEN_ENGINEERING/Whelen_295SLSA1/horn.wav",
			"volume": 1.0
		},

		"rumbler1": {
			"sound": "WHELEN_ENGINEERING/Whelen_295SLSA1/rumbler1.wav",
			"volume": 1.0
		},

		"rumbler2": {
			"sound": "WHELEN_ENGINEERING/Whelen_295SLSA1/rumbler2.wav",
			"volume": 1.0
		},

		"warning": {
			"sound": "WHELEN_ENGINEERING/Whelen_295SLSA1/warning.wav",
			"volume": 1.0
		}

	}
}