{
	sounds: {

		"siren": {
			"sound": "WHELEN_ENGINEERING/Whelen_WS320 _WS321_Harley_Davidson_Siren/siren.wav",
			"volume": 1.0
		},

		"horn": {
			"sound": "WHELEN_ENGINEERING/Whelen_WS320 _WS321_Harley_Davidson_Siren/horn.wav",
			"volume": 1.0
		},

		"rumbler1": {
			"sound": "WHELEN_ENGINEERING/Whelen_WS320 _WS321_Harley_Davidson_Siren/rumbler1.wav",
			"volume": 1.0
		},

		"rumbler2": {
			"sound": "blank.wav",
			"volume": 1.0
		},

		"warning": {
			"sound": "default",
			"volume": 1.0
		}

	}
}